Comment,Designator,Footprint,LCSC Part #
1k,R2 R3 R4 R9 R10,R0805,
1u  6.3V,C1,C0805,
1u  6.3V,C4,C0805,
1u  6.3V,C8,C0805,
1u  6.3V,C9,C0805,
3A/10V/280mV,D1,SOD-323,
4.7u  6.3V,C3,C0805,
5k1,R14 R15,R0805,
10k,R5 R6 R7 R8,R0805,
10u,C10,C0805,
10u  6.3V,C2,C0805,
15p  6.3V,C6,C0805,
15p  6.3V,C7,C0805,
32.768kHz,X1,XTAL3215,
100n,C11 C12 C13 C14 C15 C16,C0805,
100n  6.3V,C5,C0805,
150R 74279207,FB1 FB2 FB3,CAPC2012X90N,
AMS1117,U2,SOT223,
ATSAMD21E18A-AUTQFP32_MC_MCH-M,U1,TQFP32_MC_MCH-M,
CORTEX_DEBUG_SMD,JTAG,SAMTECH_FTSH-105-01,
GREEN,PWR,CHIPLED_0805,
MCP9700TT,U4,SOT23-3,
MOMENTARY-SWITCH-SPST-SMD-6.0X3.5MM,RESET,TACTILE_SWITCH_SMD_6.0X3.5MM,
RED,LED,CHIPLED_0805,
USB4800-03-A,J6,USB480003A,
USBLC6-2SC6,CR1 CR2,SOT23-6L_STM,
